document,year,doc_type,page_number,category,pattern_matched,extracted_text,context,word_count
PAT_2020_BCorp_Report-REV-100125.pdf,2020,BCorp Report,2,Target/Goal,commitment,commitment,"  Thank you for welcoming me as your CEO. Thank you for your determination, your optimism and your  commitment to our reason for being. And while there is still chaos and plenty of work, we are smarter, more  r",536
PAT_2020_BCorp_Report-REV-100125.pdf,2020,BCorp Report,2,Target/Goal,carbon neutral,carbon neutral,"ours and pay, but you launched a feature-length, award- winning film and exciting new products. The carbon neutrality announcement by Japan’s government presents  the biggest call to action in our history of doing ",536
PAT_2020_BCorp_Report-REV-100125.pdf,2020,BCorp Report,3,Target/Goal,commitment,commitment,"agonia Provisions, Inc. and Fletcher Chouinard Designs, Inc.,  adopted six specific benefit purpose commitments (which you’ll find  listed and described within) that govern our operations at the most  fundament",135
PAT_2020_BCorp_Report-REV-100125.pdf,2020,BCorp Report,6,Target/Goal,"\$\d+(?:,\d+)*(?:\.\d+)?\s*(?:million|billion|M|B)",$10 million,"ade to grassroots environmental grantees  by the end of the year. In 17 days, our community  raised $10 million to support these groups. 100 Percent of stores across the globe that we closed so that  our employe",255
PAT_2020_BCorp_Report-REV-100125.pdf,2020,BCorp Report,6,Target/Goal,"\$\d+(?:,\d+)*(?:\.\d+)?\s*(?:million|billion|M|B)",$3m,"radical action on climate change. 14,000 Hours of skill-based volunteering donated  (valued at over $3M) through Patagonia Action Works. 1% for the Planet",255
PAT_2020_BCorp_Report-REV-100125.pdf,2020,BCorp Report,7,Target/Goal,recycled,recycled,ng and fabricating products that are easily repaired and  made from materials that can be reused or recycled; 3) designing and fabricating products with  minimal impacts throughout the supply chain—including ,122
PAT_2020_BCorp_Report-REV-100125.pdf,2020,BCorp Report,7,Target/Goal,supply chain,supply chain,"n be reused or recycled; 3) designing and fabricating products with  minimal impacts throughout the supply chain—including resource extraction, manufacturing and  transportation—on water use, water quality, energ",122
PAT_2020_BCorp_Report-REV-100125.pdf,2020,BCorp Report,8,Target/Goal,recycled,recycled,"47,622 Pounds of old Patagonia garments that could not be  repaired or reused that were responsibly recycled. Build the Best Product with No Unnecessary Harm Virgin petroleum-based products (POLYESTER/NYLON) ",336
PAT_2020_BCorp_Report-REV-100125.pdf,2020,BCorp Report,8,Target/Goal,recycled,Recycled,. Build the Best Product with No Unnecessary Harm Virgin petroleum-based products (POLYESTER/NYLON) Recycled materials Virgin cotton and other plant-based materials Virgin wool and other animal products PATAG,336
PAT_2020_BCorp_Report-REV-100125.pdf,2020,BCorp Report,8,Target/Goal,fair trade,Fair Trade,"pliers are  bluesign® System Partners. 66,000  Number of factory apparel workers who have  earned a Fair Trade premium for their labor and  received improved benefits from Patagonia’s  participation in the Fair",336
PAT_2020_BCorp_Report-REV-100125.pdf,2020,BCorp Report,8,Target/Goal,fair trade,Fair Trade,"rade premium for their labor and  received improved benefits from Patagonia’s  participation in the Fair Trade USA program. 76,562  Number of people who attended Worn Wear Tour  events. Our Worn Wear team goes ",336
PAT_2020_BCorp_Report-REV-100125.pdf,2020,BCorp Report,8,Target/Goal,fair trade,Fair Trade,"vents in Korea, where our  program just took root this year. 73%  Percentage of our styles that are Fair Trade  Certified™ sewn, up from 24% in FY18. 567 Number of organic cotton farmers  involved in Patagonia’",336
PAT_2020_BCorp_Report-REV-100125.pdf,2020,BCorp Report,9,Target/Goal,reduce,reduce,"m We will conduct our operations in a manner causing no  unnecessary harm by continually seeking to reduce the  environmental footprint and impact of our operations in water  use, water quality, energy use,",54
PAT_2020_BCorp_Report-REV-100125.pdf,2020,BCorp Report,10,Target/Goal,reduce,reduce,ources. We aim  to be at 100% by the end of 2021.  108 Hours spent by our Japan Zero Waste  Team to reduce office waste and educate  staff on zero-waste living principles. 679 Kilowatts of solar energy inst,234
PAT_2020_BCorp_Report-REV-100125.pdf,2020,BCorp Report,10,Target/Goal,achieve,achieve,"ed with nontoxic ink.  45 Percentage of reduction in plastic packaging in North  American eCommerce achieved by switching to paper. 2,130,000 The number of kilowatt hours produced  from the solar arrays at o",234
PAT_2020_BCorp_Report-REV-100125.pdf,2020,BCorp Report,10,Target/Goal,scope 1,Scope 1,"o Unnecessary Harm PATAGONIA’S GREENHOUSE GAS FOOTPRINT   (In metric ton carbon dioxide equivalent) Scope 1 Scope 2 Scope 3 TOTAL 1,082 3,027 162,948 167,057 FY18 1,041 4,114 223,285 228,440 FY19 1,442 3,744",234
PAT_2020_BCorp_Report-REV-100125.pdf,2020,BCorp Report,10,Target/Goal,scope 2,Scope 2,"ssary Harm PATAGONIA’S GREENHOUSE GAS FOOTPRINT   (In metric ton carbon dioxide equivalent) Scope 1 Scope 2 Scope 3 TOTAL 1,082 3,027 162,948 167,057 FY18 1,041 4,114 223,285 228,440 FY19 1,442 3,744 219,379",234
PAT_2020_BCorp_Report-REV-100125.pdf,2020,BCorp Report,10,Target/Goal,scope 3,Scope 3,"rm PATAGONIA’S GREENHOUSE GAS FOOTPRINT   (In metric ton carbon dioxide equivalent) Scope 1 Scope 2 Scope 3 TOTAL 1,082 3,027 162,948 167,057 FY18 1,041 4,114 223,285 228,440 FY19 1,442 3,744 219,379 224,565",234
PAT_2020_BCorp_Report-REV-100125.pdf,2020,BCorp Report,10,Target/Goal,\d+%\s+(?:reduction|decrease|increase|improvement),19% increase,"  1,179,791 Single-occupant-vehicle trip miles  averted through our employee Drive-Less  Program, a 19% increase from FY19.  16 Classrooms in our Child Development  Centers participating in zero-waste efforts. 10",234
PAT_2020_BCorp_Report-REV-100125.pdf,2020,BCorp Report,11,Target/Goal,commitment,commitment,"20 Annual Benefit Corporation Report Sharing Best Practices  with Other Companies In support of our commitment to “use business to inspire  and implement solutions to the environmental crisis,” we will  share p",63
PAT_2020_BCorp_Report-REV-100125.pdf,2020,BCorp Report,12,Target/Goal,renewable energy,renewable energy,"to date, through our venture capital  fund, Tin Shed Ventures®. These businesses  focus on building renewable energy  infrastructure, practicing Regenerative  Organic methods, conserving water, diverting  waste and c",185
PAT_2020_BCorp_Report-REV-100125.pdf,2020,BCorp Report,14,Target/Goal,reduce,reduce,y students that participated  in the 5th Annual Patagonia Case Competition  to propose solutions to reduce waste  generated throughout the entire life cycle of  our products—from design and manufacturing  t,118
PAT_2020_BCorp_Report-REV-100125.pdf,2020,BCorp Report,16,Target/Goal,living wage,Living Wage,nefits flat for four years. 100 Percentage of Patagonia  employees in the US who are  paid at least Living Wage. 96  Percentage of Patagonia’s eligible  US employees who put money  away for retirement through th,368
PAT_2020_BCorp_Report-REV-100125.pdf,2020,BCorp Report,16,Target/Goal,"\$\d+(?:,\d+)*(?:\.\d+)?\s*(?:million|billion|M|B)",$4.5 million,"he early phase of  the COVID-19 pandemic, in  advance of any state or federally  required closures. $4.5 Million Precautionary pay hours paid  to hourly employees who were  unable to go into a Patagonia  facility",368
PAT_2021_BCorp_Report-REV-100125.pdf,2021,BCorp Report,2,Target/Goal,commitment,commitment,"agonia Provisions, Inc. and Fletcher Chouinard Designs, Inc.,  adopted six specific benefit purpose commitments (which you’ll find  listed and described within) that govern our operations at the most  fundament",135
PAT_2021_BCorp_Report-REV-100125.pdf,2021,BCorp Report,5,Target/Goal,"\$\d+(?:,\d+)*(?:\.\d+)?\s*(?:million|billion|M|B)",$3m,"2020 so our employees could vote. 20,843 Hours of skill-based volunteering donated (valued  at over $3M) through Patagonia Action Works. 1% for the Planet",220
PAT_2021_BCorp_Report-REV-100125.pdf,2021,BCorp Report,6,Target/Goal,recycled,recycled,ng and fabricating products that are easily repaired and  made from materials that can be reused or recycled; 3) designing and fabricating products with  minimal impacts throughout the supply chain—including ,122
PAT_2021_BCorp_Report-REV-100125.pdf,2021,BCorp Report,6,Target/Goal,supply chain,supply chain,"n be reused or recycled; 3) designing and fabricating products with  minimal impacts throughout the supply chain—including resource extraction, manufacturing and  transportation—on water use, water quality, energ",122
PAT_2021_BCorp_Report-REV-100125.pdf,2021,BCorp Report,7,Target/Goal,recycled,recycled,"69,944 Pounds of old Patagonia garments that could not be  repaired or reused that were responsibly recycled. Build the Best Product with No Unnecessary Harm Virgin petroleum-based products (POLYESTER/NYLON) ",311
PAT_2021_BCorp_Report-REV-100125.pdf,2021,BCorp Report,7,Target/Goal,recycled,Recycled,. Build the Best Product with No Unnecessary Harm Virgin petroleum-based products (POLYESTER/NYLON) Recycled materials Virgin cotton and other plant-based materials Virgin wool and other animal products PATAG,311
PAT_2021_BCorp_Report-REV-100125.pdf,2021,BCorp Report,7,Target/Goal,fair trade,Fair Trade,"pliers are  bluesign® System Partners. 75,000  Number of factory apparel workers who have  earned a Fair Trade premium for their labor and  received improved benefits from Patagonia’s  participation in the Fair",311
PAT_2021_BCorp_Report-REV-100125.pdf,2021,BCorp Report,7,Target/Goal,fair trade,Fair Trade,rade premium for their labor and  received improved benefits from Patagonia’s  participation in the Fair Trade USA program. 185  Number of people who attended virtual workshops  and discussions on topics includ,311
PAT_2021_BCorp_Report-REV-100125.pdf,2021,BCorp Report,7,Target/Goal,fair trade,Fair Trade,"mber of people who attended Worn  Wear Tour events in Taiwan. 83% Percentage of our styles that are Fair Trade  Certified™ sewn, up from 73% in FY20. 800 Number of organic cotton farmers  involved in Patagonia’",311
PAT_2021_BCorp_Report-REV-100125.pdf,2021,BCorp Report,8,Target/Goal,reduce,reduce,"m We will conduct our operations in a manner causing no  unnecessary harm by continually seeking to reduce the  environmental footprint and impact of our operations in water  use, water quality, energy use,",54
PAT_2021_BCorp_Report-REV-100125.pdf,2021,BCorp Report,9,Target/Goal,scope 1,Scope 1,"o Unnecessary Harm PATAGONIA’S GREENHOUSE GAS FOOTPRINT   (In metric ton carbon dioxide equivalent) Scope 1 Scope 2 Scope 3 TOTAL 1,082 3,027 162,948 167,057 FY18 1,041 4,114 223,285 228,440 FY19 1,442 3,744",233
PAT_2021_BCorp_Report-REV-100125.pdf,2021,BCorp Report,9,Target/Goal,scope 2,Scope 2,"ssary Harm PATAGONIA’S GREENHOUSE GAS FOOTPRINT   (In metric ton carbon dioxide equivalent) Scope 1 Scope 2 Scope 3 TOTAL 1,082 3,027 162,948 167,057 FY18 1,041 4,114 223,285 228,440 FY19 1,442 3,744 219,379",233
PAT_2021_BCorp_Report-REV-100125.pdf,2021,BCorp Report,9,Target/Goal,scope 3,Scope 3,"rm PATAGONIA’S GREENHOUSE GAS FOOTPRINT   (In metric ton carbon dioxide equivalent) Scope 1 Scope 2 Scope 3 TOTAL 1,082 3,027 162,948 167,057 FY18 1,041 4,114 223,285 228,440 FY19 1,442 3,744 219,379 224,565",233
PAT_2021_BCorp_Report-REV-100125.pdf,2021,BCorp Report,10,Target/Goal,commitment,commitment,"21 Annual Benefit Corporation Report Sharing Best Practices  with Other Companies In support of our commitment to “use business to inspire  and implement solutions to the environmental crisis,” we will  share p",63
PAT_2021_BCorp_Report-REV-100125.pdf,2021,BCorp Report,13,Target/Goal,reduce,reduce,y students that participated  in the 5th Annual Patagonia Case Competition  to propose solutions to reduce waste  generated throughout the entire life cycle of  our products—from design and manufacturing  t,118
PAT_2021_BCorp_Report-REV-100125.pdf,2021,BCorp Report,15,Target/Goal,target,target,"Percentage of an employee’s  eligible annual bonus paid  out despite the company  not meeting sales targets  due to COVID-19 closure. $175,635.85 Dollars matched through our  Employee Charity Match  Program",403
PAT_2021_BCorp_Report-REV-100125.pdf,2021,BCorp Report,15,Target/Goal,living wage,Living Wage,"tagonia employees  in the U.S., EMEA, Korea, Japan,  Argentina and Australia who  are paid at least Living Wage. 97%  Percentage of Patagonia’s eligible  U.S. employees who put money  away for retirement through",403
PAT_2021_BCorp_Report-REV-100125.pdf,2021,BCorp Report,15,Target/Goal,"\$\d+(?:,\d+)*(?:\.\d+)?\s*(?:million|billion|M|B)",$1.58 million,  conversation vary from protecting  our public lands to raising the  next generation of activists. $1.58 Million Precautionary pay hours paid  to hourly employees who were  unable to go into a Patagonia  facility,403
PAT_2021_LegalDocuments-ModernSlaveryAct-012423.pdf,2021,Modern Slavery Act,3,Target/Goal,supply chain,supply chain," May 1, 2021 to April 30, 2022. This statement details our efforts to combat modern  slavery in our supply chain pursuant to the California Supply Chain Transparency Act, UK Modern Slavery Act  2015, and Australi",549
PAT_2021_LegalDocuments-ModernSlaveryAct-012423.pdf,2021,Modern Slavery Act,3,Target/Goal,supply chain,Supply Chain,"tement details our efforts to combat modern  slavery in our supply chain pursuant to the California Supply Chain Transparency Act, UK Modern Slavery Act  2015, and Australia Modern Slavery Act. “Human Trafficking",549
PAT_2021_LegalDocuments-ModernSlaveryAct-012423.pdf,2021,Modern Slavery Act,3,Target/Goal,supply chain,supply chain,"cement, with employers to strengthen their due diligence against forced labour, including in their  supply chains, and with trade unions to represent and empower those at risk.” – The ILO Director General  1.	 Hu",549
PAT_2021_LegalDocuments-ModernSlaveryAct-012423.pdf,2021,Modern Slavery Act,3,Target/Goal,supply chain,supply chain," but human trafficking can be found in gar- ment factories, fabric and trim mills, and farms in the supply chain. Factories that use third-party labor  brokers or unmonitored subcontractors are particularly susce",549
PAT_2021_LegalDocuments-ModernSlaveryAct-012423.pdf,2021,Modern Slavery Act,3,Target/Goal,supply chain,supply chain,"on is taking to tackle modern slavery.” This statement details  Patagonia’s structure including its supply chain, its policies, due diligence, and training related to mod- ern slavery, and where there is risk of ",549
PAT_2021_LegalDocuments-ModernSlaveryAct-012423.pdf,2021,Modern Slavery Act,3,Target/Goal,supply chain,supply chain," 2018 requires entities “to report annually on the risks of modern  slavery in their operations and supply chains, and actions to address those risks.” This statement details  Patagonia’s structure, operations, a",549
PAT_2021_LegalDocuments-ModernSlaveryAct-012423.pdf,2021,Modern Slavery Act,3,Target/Goal,supply chain,supply chain,"and actions to address those risks.” This statement details  Patagonia’s structure, operations, and supply chain and identifies potential risks of modern slavery  practices, what actions Patagonia takes to assess",549
PAT_2021_LegalDocuments-ModernSlaveryAct-012423.pdf,2021,Modern Slavery Act,4,Target/Goal,commitment,commitment,"ies, that factory is  subject to our escalation policy, including a remediation plan to demonstrate commitment to erad- icating the practice.  In all cases, where a factory is a part of Patagonia’s supply chain",524
PAT_2021_LegalDocuments-ModernSlaveryAct-012423.pdf,2021,Modern Slavery Act,4,Target/Goal,supply chain,supply chain,"poration. Our products are sold in over 40 countries through  our stores, retailers and online. Our supply chain of finished goods factories and material suppliers  spans across 25 countries.  A list of our finis",524
PAT_2021_LegalDocuments-ModernSlaveryAct-012423.pdf,2021,Modern Slavery Act,4,Target/Goal,supply chain,supply chain,"ated regularly and published on  our website alongside a map that includes suppliers further in the supply chain.  Patagonia has long focused on preventing and, where necessary, remediating a wide range of issues",524
PAT_2021_LegalDocuments-ModernSlaveryAct-012423.pdf,2021,Modern Slavery Act,4,Target/Goal,supply chain,supply chain,"nia has long focused on preventing and, where necessary, remediating a wide range of issues in  our supply chain, including forced labor, child labor and other human rights abuses.  Patagonia has a  dedicated tea",524
PAT_2021_LegalDocuments-ModernSlaveryAct-012423.pdf,2021,Modern Slavery Act,4,Target/Goal,supply chain,supply chain,"2014.  In consultation with Verité, an independent non-profit  specializing in human trafficking in supply chains, the Standards were developed to protect migrant  workers throughout their employment life cycle, ",524
PAT_2021_LegalDocuments-ModernSlaveryAct-012423.pdf,2021,Modern Slavery Act,4,Target/Goal,supply chain,supply chain,"e commitment to erad- icating the practice.  In all cases, where a factory is a part of Patagonia’s supply chain, incidences or  conditions contributing to slavery or human trafficking are grounds to end business",524
PAT_2021_LegalDocuments-ModernSlaveryAct-012423.pdf,2021,Modern Slavery Act,4,Target/Goal,supply chain,supply chain," state and federal government to shed light on human trafficking, slav- ery, and child labor in the supply chain. We are hopeful that these and other human rights concerns will  continue to receive attention and ",524
PAT_2021_LegalDocuments-ModernSlaveryAct-012423.pdf,2021,Modern Slavery Act,5,Target/Goal,supply chain,supply chain," Patagonia to “disclose to what extent, if any, [the company]…[e]ngages in  verification of product supply chains to evaluate and address risks of human trafficking and slavery.   The disclosure shall specify if ",584
PAT_2021_LegalDocuments-ModernSlaveryAct-012423.pdf,2021,Modern Slavery Act,5,Target/Goal,supply chain,supply chain, third party.” a.	 Verification Protocols Patagonia is committed to fair labor practices within our supply chain.  We are a founding and fully  accredited member of the Fair Labor Association (FLA). The purpose o,584
PAT_2021_LegalDocuments-ModernSlaveryAct-012423.pdf,2021,Modern Slavery Act,5,Target/Goal,supply chain,supply chain,"requires suppliers to  prohibit any forms of forced labor, human trafficking, or child labor in the supply chain.  Additionally,  our Code has detailed benchmark standards that align with each code element.   We ",584
PAT_2021_LegalDocuments-ModernSlaveryAct-012423.pdf,2021,Modern Slavery Act,5,Target/Goal,supply chain,supply chain,"omply with the FLA’s Principles of Fair Labor and Responsible Sourcing. To maximize coverage of our supply chain and to ensure checks-and-balances, we engage with third- party monitors and employ a team of full-t",584
PAT_2021_LegalDocuments-ModernSlaveryAct-012423.pdf,2021,Modern Slavery Act,5,Target/Goal,supply chain,supply chain,"human trafficking. In addition, the FLA randomly audits  a sampling of the garment factories in our supply chain each year and posts the results for public  viewing on their website. To ensure that our supply cha",584
PAT_2021_LegalDocuments-ModernSlaveryAct-012423.pdf,2021,Modern Slavery Act,5,Target/Goal,supply chain,supply chain,"pply chain each year and posts the results for public  viewing on their website. To ensure that our supply chain complies with our policies and procedures, all of our new factories  undergo a four-fold prescreeni",584
PAT_2021_LegalDocuments-ModernSlaveryAct-012423.pdf,2021,Modern Slavery Act,5,Target/Goal,supply chain,supply chain,cturers on an ongoing basis.  New and existing suppliers submit mapping documents that detail their supply chain and are  required to keep Patagonia abreast of any changes.  Patagonia uses this information to ide,584
PAT_2021_LegalDocuments-ModernSlaveryAct-012423.pdf,2021,Modern Slavery Act,6,Target/Goal,reduce,reduce,e) are audited less frequently but independent  third party audit reports are collected annually to reduce audit fatigue. Our sophisticated suppli- ers are instead offered free trainings and other engagemen,635
PAT_2021_LegalDocuments-ModernSlaveryAct-012423.pdf,2021,Modern Slavery Act,6,Target/Goal,achieve,achieve,"ding consultations, and other types of engagements that help the supplier identify  root causes and achieve full compliance. Depending on the factory’s needs and performance,  these events can occur monthly ",635
PAT_2021_LegalDocuments-ModernSlaveryAct-012423.pdf,2021,Modern Slavery Act,6,Target/Goal,supply chain,supply chain,"s, we have taken concrete steps to improve identification of the pres- ence of labor brokers in our supply chain through our social audit tool and protocol.  Our social  audit tool includes a section devoted to u",635
PAT_2021_LegalDocuments-ModernSlaveryAct-012423.pdf,2021,Modern Slavery Act,6,Target/Goal,supply chain,supply chain,"f suppliers to evaluate supplier compliance with company standards for trafficking and slav- ery in supply chains. The disclosure shall specify if the verification was not an independent, unan- nounced audit.” a.",635
PAT_2021_LegalDocuments-ModernSlaveryAct-012423.pdf,2021,Modern Slavery Act,7,Target/Goal,commitment,commitment,semination of information to cope with the impacts of covid-19 on the workplace.  We  make a public commitment to responsible purchasing and protecting workers’ rights and well-be- ing in this unprecedented tim,512
PAT_2021_LegalDocuments-ModernSlaveryAct-012423.pdf,2021,Modern Slavery Act,7,Target/Goal,fair trade,Fair Trade,"ntinuous improvement programs, capacity building initiatives, like the ILO Better Work  program and Fair Trade, and collaboration efforts with other brands and the FLA. b.	 Audit Statistics Pre-sourcing  Patago",512
PAT_2021_LegalDocuments-ModernSlaveryAct-012423.pdf,2021,Modern Slavery Act,8,Target/Goal,commitment,commitment,"g and have received acknowledgment of compliance.  We have also released a public  statement of our commitment to this policy. b.	 Accountability Efforts Along with the compliance statement, suppliers are expec",569
PAT_2021_LegalDocuments-ModernSlaveryAct-012423.pdf,2021,Modern Slavery Act,8,Target/Goal,supply chain,supply chain,hird  parties.  We employ four full-time Field Managers dedicated to monitoring and supporting our  supply chain on social and environmental responsibility. This team is strategically based through- out Asia to r,569
PAT_2021_LegalDocuments-ModernSlaveryAct-012423.pdf,2021,Modern Slavery Act,8,Target/Goal,supply chain,supply chain,sponsibility. This team is strategically based through- out Asia to reflect the distribution of our supply chain. All field staff receive ongoing refresher and  skills-building training and field evaluations. Our,569
PAT_2021_LegalDocuments-ModernSlaveryAct-012423.pdf,2021,Modern Slavery Act,8,Target/Goal,supply chain,supply chain,ing firms to conduct audits. Included is the FLA who  randomly selects and audits a sampling of our supply chain in a given year and publishes the  results online. We hire third parties to audit less than a quart,569
PAT_2021_LegalDocuments-ModernSlaveryAct-012423.pdf,2021,Modern Slavery Act,9,Target/Goal,supply chain,supply chain,"ibility. We have also developed and applied our Migrant Worker Employment Standards throughout the  supply chain.  In Taiwan where we have identified pervasive migrant worker employment in our  fabric mills, we h",565
PAT_2021_LegalDocuments-ModernSlaveryAct-012423.pdf,2021,Modern Slavery Act,9,Target/Goal,supply chain,supply chain,"orced labor, including slavery and human trafficking. If this grave  concern was to be found in our supply chain, the factory would be subject to our factory disci- plinary policy.  Disciplinary actions include i",565
PAT_2021_LegalDocuments-ModernSlaveryAct-012423.pdf,2021,Modern Slavery Act,9,Target/Goal,supply chain,supply chain,"ny, [the company]… [p]rovides  company employees and management, who have direct responsibility for supply chain management,  training on human trafficking and slavery, particularly with respect to mitigating ris",565
PAT_2021_LegalDocuments-ModernSlaveryAct-012423.pdf,2021,Modern Slavery Act,10,Target/Goal,commitment,commitment,"d staff, materials, sourcing and product devel- opment teams, and executive leaders who enforce our commitment throughout the company on  these issues. This disclosure confirms our efforts to eradicate slavery ",441
PAT_2021_LegalDocuments-ModernSlaveryAct-012423.pdf,2021,Modern Slavery Act,10,Target/Goal,reach,reach,"for both internal and  external stakeholders. External Training   Our training efforts also include reaching external parties such as suppliers, other companies, gov- ernment, media and the general public.",441
PAT_2021_LegalDocuments-ModernSlaveryAct-012423.pdf,2021,Modern Slavery Act,10,Target/Goal,supply chain,supply chain,"s.  Through the media and on our website, we have made public  the challenges we face in our Taiwan supply chain and the strategy we employ to make improve- ments. This has helped to raise awareness of the issues",441
PAT_2021_LegalDocuments-ModernSlaveryAct-012423.pdf,2021,Modern Slavery Act,10,Target/Goal,supply chain,supply chain,"his disclosure confirms our efforts to eradicate slavery and human trafficking practices within our supply chain  and it shall be reviewed annually and updated accordingly. Hilary Dessouky  General Counsel, Patag",441
PAT_2021_LegalDocuments-ModernSlaveryAct-012423.pdf,2021,Modern Slavery Act,11,Target/Goal,supply chain,Supply Chain,"11 C.	 Related Resources Information on the CA Transparency in Supply Chains Act, UK Modern Slavery Act and  Australia Modern Slavery Act •	 California Transparency in Supply ",135
PAT_2021_LegalDocuments-ModernSlaveryAct-012423.pdf,2021,Modern Slavery Act,11,Target/Goal,supply chain,Supply Chain,"y Chains Act, UK Modern Slavery Act and  Australia Modern Slavery Act •	 California Transparency in Supply Chains Act – Office of Attorney General  oag.ca.gov/SB657 •	 The California Transparency in Supply Chains",135
PAT_2021_LegalDocuments-ModernSlaveryAct-012423.pdf,2021,Modern Slavery Act,11,Target/Goal,supply chain,Supply Chain, Supply Chains Act – Office of Attorney General  oag.ca.gov/SB657 •	 The California Transparency in Supply Chains Act – A Resource Guide  oag.ca.gov/sites/all/files/agweb/pdfs/sb657/resource-guide.pdf? •	 UK Slav,135
PAT_2021_LegalDocuments-ModernSlaveryAct-012423.pdf,2021,Modern Slavery Act,11,Target/Goal,supply chain,supply chain,.ca.gov/sites/all/files/agweb/pdfs/sb657/resource-guide.pdf? •	 UK Slavery and human trafficking in supply chains: guidance for businesses  www.gov.uk/government/publications/transparency-in-supply-chains-a-pract,135
PAT_2024_BCorp_Report-V2-100125.pdf,2024,BCorp Report,2,Target/Goal,commitment,commitment,"p model more  imaginable and ultimately possible. And now, our new structure locks in our perpetual commitment  to our purpose. People at Patagonia are often asked, ""What companies do you look up to?"" We're hap",562
PAT_2024_BCorp_Report-V2-100125.pdf,2024,BCorp Report,2,Target/Goal,reduce,reduce,cals used in materials and processes. We had co- convened the Sustainable Apparel Coalition to help reduce the environmental impact of the  industry as a whole. The BIA turned out to make a big difference. ,562
PAT_2024_BCorp_Report-V2-100125.pdf,2024,BCorp Report,3,Target/Goal,commitment,commitment,"y able to in the state of  California. In doing so, Patagonia adopted six specific  benefit purpose commitments (which you’ll find listed  and described within) that govern our operations at  the most fundament",185
PAT_2024_BCorp_Report-V2-100125.pdf,2024,BCorp Report,7,Target/Goal,recycled,recycled,ng and fabricating products  that are easily repaired and made from materials that can be reused or recycled;  3) designing and fabricating products with minimal impacts throughout the supply  chain—including,115
PAT_2024_BCorp_Report-V2-100125.pdf,2024,BCorp Report,8,Target/Goal,reduce,reduce,"m We will conduct our operations in a manner causing no unnecessary harm by  continually seeking to reduce the environmental footprint and impact of our  operations in water use, water quality, energy use, ",47
PAT_2024_BCorp_Report-V2-100125.pdf,2024,BCorp Report,9,Target/Goal,commitment,commitment,"9 Sharing Best Practices  with Other Companies In support of our commitment to “use business to inspire and implement solutions to the  environmental crisis,” we will share pr",56
PAT_2024_BCorp_Report-V2-100125.pdf,2024,BCorp Report,12,Target/Goal,achieve,achieve,12 Bringing the Numbers to Life The global score of 166 points achieved by Patagonia during its 2023 B Corp recertification is due to  the many actions implemented by Pat,242
PAT_2024_BCorp_Report-V2-100125.pdf,2024,BCorp Report,12,Target/Goal,"\$\d+(?:,\d+)*(?:\.\d+)?\s*(?:million|billion|M|B)",$2.1m,"sm and support non-profits 12,589 22,074 Hours of skill-based volunteering donated (valued  at over $2.1M in FY23 and $2.2M in FY24) through  Patagonia Action Works 11,229 11,794 Community events held at P",242
PAT_2024_BCorp_Report-V2-100125.pdf,2024,BCorp Report,12,Target/Goal,"\$\d+(?:,\d+)*(?:\.\d+)?\s*(?:million|billion|M|B)",$2.2m,"-profits 12,589 22,074 Hours of skill-based volunteering donated (valued  at over $2.1M in FY23 and $2.2M in FY24) through  Patagonia Action Works 11,229 11,794 Community events held at Patagonia  North Am",242
PAT_2024_BCorp_Report-V2-100125.pdf,2024,BCorp Report,13,Target/Goal,renewable energy,renewable energy,"ne of America’s most trusted brands 3 4 Continents where Patagonia has invested in on-  or off-site renewable energy projects (North  America, Japan, Australia, Chile, Europe - Italy) 5 5 Tons of mussels sold (which ",215
PAT_2024_BCorp_Report-V2-100125.pdf,2024,BCorp Report,14,Target/Goal,recycled,Recycled,"Apparel Material Sources (Fabric & Trim)  FY22 FY23 FY24 Virgin petroleum-based product 15% 14% 16% Recycled materials 72% 73% 73% Virgin cotton and other plant-based materials 12% 12% 9% Virgin wool, down, a",232
PAT_2024_BCorp_Report-V2-100125.pdf,2024,BCorp Report,14,Target/Goal,fair trade,Fair Trade,"14 FY23 FY24 Percentage of our products that are made  in a Fair Trade Certified factory 87% 88% Dollars Patagonia has paid in Fair Trade  premiums to date since 2014, wh",232
PAT_2024_BCorp_Report-V2-100125.pdf,2024,BCorp Report,14,Target/Goal,fair trade,Fair Trade,"our products that are made  in a Fair Trade Certified factory 87% 88% Dollars Patagonia has paid in Fair Trade  premiums to date since 2014, which goes  directly to the factory workers $26,184,897 $32,262,384 P",232
PAT_2024_BCorp_Report-V2-100125.pdf,2024,BCorp Report,14,Target/Goal,fair trade,Fair Trade," Repairs team in Reno, Nevada  153,506 145,446 Number of factory apparel workers who have  earned a Fair Trade premium for their labor and  received improved benefits from Patagonia’s  participation in the Fair",232
PAT_2024_BCorp_Report-V2-100125.pdf,2024,BCorp Report,14,Target/Goal,fair trade,Fair Trade,"rade premium for their labor and  received improved benefits from Patagonia’s  participation in the Fair Trade USA program 86,696 82,815 Metric tons of Bureo’s NetPlus and HDPE  material Patagonia has used sinc",232
PAT_2024_BCorp_Report-V2-100125.pdf,2024,BCorp Report,17,Target/Goal,achieve,Achieve,lects  the aggregated results from  each of the BIAs. 166 94.3 98.5 0 50 100 150 200 Overall Points Achieved Company Performance Apparel B Corps US B Corps,274
PAT_2024_BCorp_Report-V2-100125.pdf,2024,BCorp Report,17,Target/Goal,supply chain,Supply Chain," overall score, recognizing  Patagonia’s extraordinary business design and practices: Mission Lock, Supply Chain  Poverty Alleviation, Designed to Give, Resource Conservation, Toxin Reduction/  Remediation, and L",274
PAT_2024_BCorp_Report-V2-100125.pdf,2024,BCorp Report,18,Target/Goal,"\$\d+(?:,\d+)*(?:\.\d+)?\s*(?:million|billion|M|B)",$1b," are  some reference scores: B Impact Assessment  Details for Patagonia: Size: 1,000+ Revenue: U.S. $1B+ Market:  Sector: Wholesale/Retail Industry: Apparel Industry Category: Wholesale Average  initial ",374
PAT_2024_BCorp_Report-V2-100125.pdf,2024,BCorp Report,19,Target/Goal,commitment,Commitment,"ns,  disclosure of impact and  transparency, and stakeholder  engagement, among others. Mission and Commitment Ethics and Transparency Governance Metrics Mission Protection COMMUNITY The Customers impact area e",262
PAT_2024_BCorp_Report-V2-100125.pdf,2024,BCorp Report,19,Target/Goal,objective,objective,"lity, and  transparency, and addresses issues  such as the integration of social and  environmental objectives into  employee performance evaluations,  disclosure of impact and  transparency, and stakeholder  ",262
PAT_2024_BCorp_Report-V2-100125.pdf,2024,BCorp Report,19,Target/Goal,living wage,living wage,"cal, professional, and social  well-being of its employees, and  addresses issues such as paying a  living wage, employee benefits,  employee health and safety, and  professional development  opportunities, amon",262
PAT_2024_BCorp_Report-V2-100125.pdf,2024,BCorp Report,19,Target/Goal,supply chain,Supply Chain,"itable donations. Diversity, Equity, and  Inclusion Economic Impact Civic Engagement and  Donations Supply Chain Management The Workers impact area evaluates  the extent to which the company  contributes to the f",262
PAT_2024_BCorp_Report-V2-100125.pdf,2024,BCorp Report,20,Target/Goal,commitment,commitment, and independence of the company.  • The high score in this area reflects Patagonia’s long-standing commitment to ethical business practices and  responsible governance. There are very few opportunities for sco,126
PAT_2024_BCorp_Report-V2-100125.pdf,2024,BCorp Report,20,Target/Goal,achieve,achieve,"lts by Impact Area and Sub-Area: Governance: Results Overview Operational Highlights: • The company achieved a Mission Lock score of 10.0, reflecting it has met B Lab’s Legal Requirement.  Patagonia has gone",126
PAT_2024_BCorp_Report-V2-100125.pdf,2024,BCorp Report,20,Target/Goal,achieve,achieve,nities for score improvement in the Governance impact  area of the B Impact Assessment. 17.8 points achieved  out of possible 20 89% This is an aggregated  score of the three BIAs  across all of  Patagonia’s,126
PAT_2024_BCorp_Report-V2-100125.pdf,2024,BCorp Report,21,Target/Goal,commitment,commitment,"nal Highlights: • The company’s high Health, Wellness, & Safety score reflects the company’s strong commitment to its  employees and their quality of life. Patagonia offers very strong healthcare benefits, incl",144
PAT_2024_BCorp_Report-V2-100125.pdf,2024,BCorp Report,21,Target/Goal,achieve,achieve," salaried and hourly workers, and there is a high rate of  participation among workers. • Patagonia achieves high scores for employee satisfaction, with 81–90% of workers indicating high levels of  satisfact",144
PAT_2024_BCorp_Report-V2-100125.pdf,2024,BCorp Report,21,Target/Goal,achieve,achieve,"atisfaction, with 81–90% of workers indicating high levels of  satisfaction/engagement. 23.7 points achieved  out of possible 40 59% This is an aggregated  score of the three BIAs  across all of  Patagonia's",144
PAT_2024_BCorp_Report-V2-100125.pdf,2024,BCorp Report,22,Target/Goal,achieve,achieve,"essment and management, tracking and  traceability, and Supplier Code of Conduct. 45.5% 79.5 points achieved  out of possible 100* Operations score:  18.2 / 40 potential  points *Total possible points = 40  ",167
PAT_2024_BCorp_Report-V2-100125.pdf,2024,BCorp Report,22,Target/Goal,supply chain,supply chain,"anizations, paid time off for volunteering, and more. • The high score in this area reflects strong supply chain risk assessment and management, tracking and  traceability, and Supplier Code of Conduct. 45.5% 79.",167
PAT_2024_BCorp_Report-V2-100125.pdf,2024,BCorp Report,23,Target/Goal,commitment,commitment,"ed suppliers * * * * * Designed to Give IBM This IBM rewards a company for having a formal standing commitment to donate significant portions of  company profits, revenue, equity, or time to charitable causes. ",278
PAT_2024_BCorp_Report-V2-100125.pdf,2024,BCorp Report,23,Target/Goal,achieve,achieve,ulation showing overall percentage of total revenues donated • Report or other evidence of outcomes achieved as a result of the company’s donations,278
PAT_2024_BCorp_Report-V2-100125.pdf,2024,BCorp Report,23,Target/Goal,fair trade,Fair Trade,"ude: • Spreadsheet documenting percentage of overall supplier spending by certification type (e.g., Fair Trade  USA and Regenerative Organic Certification) • Current Fair Trade USA and ROC certificates by suppl",278
PAT_2024_BCorp_Report-V2-100125.pdf,2024,BCorp Report,23,Target/Goal,fair trade,Fair Trade,"ding by certification type (e.g., Fair Trade  USA and Regenerative Organic Certification) • Current Fair Trade USA and ROC certificates by supplier • Evidence of capacity-building support provided to underserve",278
PAT_2024_BCorp_Report-V2-100125.pdf,2024,BCorp Report,23,Target/Goal,supply chain,Supply Chain,el  Results The company has qualified for two Impact Business Models (IBMs) in the Community area:  Supply Chain Poverty Alleviation IBM This IBM requires a company to purchase goods and/or services directly from,278
PAT_2024_BCorp_Report-V2-100125.pdf,2024,BCorp Report,23,Target/Goal,supply chain,supply chain,"successful verification of these business practices. Patagonia was required to provide analysis of  supply chain purchases in the last fiscal year, which include: • Spreadsheet documenting percentage of overall s",278
PAT_2024_BCorp_Report-V2-100125.pdf,2024,BCorp Report,24,Target/Goal,target,target,"ides support or resources to help suppliers improve their performance. • Patagonia has set specific targets for reducing its environmental footprint, and monitors and reports on  progress toward its targets",128
PAT_2024_BCorp_Report-V2-100125.pdf,2024,BCorp Report,24,Target/Goal,target,target," targets for reducing its environmental footprint, and monitors and reports on  progress toward its targets. 44% 20 points achieved  out of possible 45 This is an aggregated  score of the three BIAs  across",128
PAT_2024_BCorp_Report-V2-100125.pdf,2024,BCorp Report,24,Target/Goal,achieve,achieve,"ts environmental footprint, and monitors and reports on  progress toward its targets. 44% 20 points achieved  out of possible 45 This is an aggregated  score of the three BIAs  across all of  Patagonia's glo",128
PAT_2024_BCorp_Report-V2-100125.pdf,2024,BCorp Report,24,Target/Goal,supply chain,supply chain,g efforts to measure and manage the environmental impacts of  its own operations and throughout its supply chain.  • The company engages its supply chain to measure and manage greenhouse gas emissions and chemica,128
PAT_2024_BCorp_Report-V2-100125.pdf,2024,BCorp Report,24,Target/Goal,supply chain,supply chain,"onmental impacts of  its own operations and throughout its supply chain.  • The company engages its supply chain to measure and manage greenhouse gas emissions and chemical use,  and provides support or resources",128
PAT_2024_BCorp_Report-V2-100125.pdf,2024,BCorp Report,25,Target/Goal,achieve,achieve,"ting policies, monitoring customer satisfaction, and managing customer data privacy. 94% 4.7 points achieved  out of possible 5 This is an aggregated  score of the three BIAs  across all of  Patagonia's glob",80
PAT_2024_LegalDocuments-ModernSlaveryAct-060324.pdf,2024,Modern Slavery Act,2,Target/Goal,supply chain,supply chain,"vely mitigates the risk of human trafficking, modern slavery, forced labor, and child labor in  our supply chain. In compliance with the California Transparency in Supply Chains Act (SB 657), the UK Modern  Slave",494
PAT_2024_LegalDocuments-ModernSlaveryAct-060324.pdf,2024,Modern Slavery Act,2,Target/Goal,supply chain,Supply Chain,"rced labor, and child labor in  our supply chain. In compliance with the California Transparency in Supply Chains Act (SB 657), the UK Modern  Slavery Act of 2015, the Australia Modern Slavery Act 2018, and the C",494
PAT_2024_LegalDocuments-ModernSlaveryAct-060324.pdf,2024,Modern Slavery Act,2,Target/Goal,supply chain,Supply Chain,"B 657), the UK Modern  Slavery Act of 2015, the Australia Modern Slavery Act 2018, and the Canadian Supply Chains Act, the follow- ing document discloses Patagonia Works’ policies and actions relating to these ri",494
PAT_2024_LegalDocuments-ModernSlaveryAct-060324.pdf,2024,Modern Slavery Act,2,Target/Goal,supply chain,supply chain,"tail stores and online – and through  wholesale distributors in more than 40 countries. Patagonia’s supply chain includes 52 finished goods factories, located in 11 countries. A list of Patagonia’s fin- ished goo",494
PAT_2024_LegalDocuments-ModernSlaveryAct-060324.pdf,2024,Modern Slavery Act,2,Target/Goal,supply chain,supply chain,egularly and published on our website alongside a map that includes suppli- ers further back in the supply chain. Those factories are supplied by material suppliers located in 30 countries.  Patagonia has only on,494
PAT_2024_LegalDocuments-ModernSlaveryAct-060324.pdf,2024,Modern Slavery Act,2,Target/Goal,supply chain,supply chain," III.	 Patagonia’s Efforts to Combat Forced & Child Labor Patagonia regularly assesses risks in its supply chain and has implemented policies and due diligence practices  to mitigate the risk of modern slavery, f",494
PAT_2024_LegalDocuments-ModernSlaveryAct-060324.pdf,2024,Modern Slavery Act,2,Target/Goal,supply chain,supply chain," define and set standards prohibiting child labor, forced  labor, and modern slavery in Patagonia's supply chain. Our Code of Conduct is based on standards  set by the UN’s International Labour Organization, the ",494
PAT_2024_LegalDocuments-ModernSlaveryAct-060324.pdf,2024,Modern Slavery Act,3,Target/Goal,reach,reach,"r  Association’s third-party complaint system (detailed on the FLA website) and an email address to reach  Patagonia’s Social Responsibility team directly. In addition, we require our suppliers to create a",423
PAT_2024_LegalDocuments-ModernSlaveryAct-060324.pdf,2024,Modern Slavery Act,3,Target/Goal,fair trade,Fair Trade,ails about FLA’s standards and  Patagonia’s accreditation are available on the FLA’s website.  ii.	 Fair Trade Certified Patagonia partners with Fair Trade USA to nominate factories to be Fair Trade certified. ,423
PAT_2024_LegalDocuments-ModernSlaveryAct-060324.pdf,2024,Modern Slavery Act,3,Target/Goal,fair trade,Fair Trade,ccreditation are available on the FLA’s website.  ii.	 Fair Trade Certified Patagonia partners with Fair Trade USA to nominate factories to be Fair Trade certified. A core com- ponent of Fair Trade’s standards ,423
PAT_2024_LegalDocuments-ModernSlaveryAct-060324.pdf,2024,Modern Slavery Act,3,Target/Goal,fair trade,Fair Trade,site.  ii.	 Fair Trade Certified Patagonia partners with Fair Trade USA to nominate factories to be Fair Trade certified. A core com- ponent of Fair Trade’s standards is the prohibition of forced labor and chil,423
PAT_2024_LegalDocuments-ModernSlaveryAct-060324.pdf,2024,Modern Slavery Act,3,Target/Goal,fair trade,Fair Trade,artners with Fair Trade USA to nominate factories to be Fair Trade certified. A core com- ponent of Fair Trade’s standards is the prohibition of forced labor and child labor. Patagonia has partnered with Fair T,423
PAT_2024_LegalDocuments-ModernSlaveryAct-060324.pdf,2024,Modern Slavery Act,3,Target/Goal,fair trade,Fair Trade," Trade’s standards is the prohibition of forced labor and child labor. Patagonia has partnered with Fair Trade USA to certify more than 30 factories, which produce more  than 90% of all Patagonia styles. As a s",423
PAT_2024_LegalDocuments-ModernSlaveryAct-060324.pdf,2024,Modern Slavery Act,3,Target/Goal,fair trade,Fair Trade,"s, which produce more  than 90% of all Patagonia styles. As a separate part of its partnership with Fair Trade USA, Patagonia  has paid more than $30 million in premiums to worker-controlled accounts in Fair Tr",423
PAT_2024_LegalDocuments-ModernSlaveryAct-060324.pdf,2024,Modern Slavery Act,3,Target/Goal,fair trade,Fair Trade,"r Trade USA, Patagonia  has paid more than $30 million in premiums to worker-controlled accounts in Fair Trade Certified  factories. Patagonia’s partnership with Fair Trade USA is described on Patagonia’s websi",423
PAT_2024_LegalDocuments-ModernSlaveryAct-060324.pdf,2024,Modern Slavery Act,3,Target/Goal,fair trade,Fair Trade,iums to worker-controlled accounts in Fair Trade Certified  factories. Patagonia’s partnership with Fair Trade USA is described on Patagonia’s website.,423
PAT_2024_LegalDocuments-ModernSlaveryAct-060324.pdf,2024,Modern Slavery Act,3,Target/Goal,supply chain,supply chain,"	 Third Party Partnerships/Certifications/Verifications In addition to Patagonia’s direct work with supply chain partners, Patagonia supplements its supply  chain due diligence by working with several third parti",423
PAT_2024_LegalDocuments-ModernSlaveryAct-060324.pdf,2024,Modern Slavery Act,3,Target/Goal,"\$\d+(?:,\d+)*(?:\.\d+)?\s*(?:million|billion|M|B)",$30 million,"ia styles. As a separate part of its partnership with Fair Trade USA, Patagonia  has paid more than $30 million in premiums to worker-controlled accounts in Fair Trade Certified  factories. Patagonia’s partnersh",423
PAT_2024_LegalDocuments-ModernSlaveryAct-060324.pdf,2024,Modern Slavery Act,4,Target/Goal,commitment,commitment,"ld staff, materials, sourcing and product development  teams, and executive leaders who enforce our commitment throughout the company on these issues.",507
PAT_2024_LegalDocuments-ModernSlaveryAct-060324.pdf,2024,Modern Slavery Act,4,Target/Goal,fair trade,Fair Trade,s by the FLA. They select a sam- ple to audit each year and publish those results on their website. Fair Trade Certified factories are also  subject to audits by Fair Trade USA. Our factories are audited agains,507
PAT_2024_LegalDocuments-ModernSlaveryAct-060324.pdf,2024,Modern Slavery Act,4,Target/Goal,fair trade,Fair Trade,"blish those results on their website. Fair Trade Certified factories are also  subject to audits by Fair Trade USA. Our factories are audited against Patagonia’s Workplace Code of Conduct, local law, and collec",507
PAT_2024_LegalDocuments-ModernSlaveryAct-060324.pdf,2024,Modern Slavery Act,4,Target/Goal,fair trade,Fair Trade,"ntinuous improvement programs, capacity building initiatives, like  the ILO Better Work program and Fair Trade, and collaboration efforts with other brands and the FLA. g.	 Employee Training We provide training",507
PAT_2024_LegalDocuments-ModernSlaveryAct-060324.pdf,2024,Modern Slavery Act,4,Target/Goal,supply chain,supply chain,full-time Field Managers based throughout Asia who are dedicated to monitor- ing and supporting our supply chain on social and environmental responsibility.  Patagonia also partners with NGOs and monitoring firms,507
PAT_2024_LegalDocuments-ModernSlaveryAct-060324.pdf,2024,Modern Slavery Act,5,Target/Goal,supply chain,supply chain,"ng and its  due diligence procedures are meant to mitigate the risk of it being used in Patagonia’s supply chain.  If found, the factory would be subject to our factory disciplinary policy. Disciplinary actions i",211
